{"gridDescription":{"gridSquareN":8,"gridSquareE":7,"squareLengthE":250,"squareLengthN":250},"auvSurfacing":{"auvId":[0,1,2,0,1,2],"positionE":[500.07627167892269,500.00000738366413,499.99999734347659,1500.0000041499529,1500.0000046951354,1249.9999953048643],"positionN":[1250.0000033199608,499.99999816131549,500.000016146263,1250.0000020749769,999.99999805521077,1250.0000046951363],"startTime":[1822.0541140425983,1912.8369410976836,2013.5367101910126,3692.0392940133643,3755.26820870412,3869.2122681949977],"endTime":[1832.0541140425983,1922.8369410976836,2023.5367101910126,3702.0392940133643,3765.26820870412,3879.2122681949977],"AuvId":[0,1,2,0,1,2],"PositionE":[500.07627167892269,500.00000738366413,499.99999734347659,1500.0000041499529,1500.0000046951354,1249.9999953048643],"PositionN":[1250.0000033199608,499.99999816131549,500.000016146263,1250.0000020749769,999.99999805521077,1250.0000046951363],"StartTime":[1822.0541140425983,1912.8369410976836,2013.5367101910126,3692.0392940133643,3755.26820870412,3869.2122681949977],"EndTime":[1832.0541140425983,1922.8369410976836,2023.5367101910126,3702.0392940133643,3765.26820870412,3879.2122681949977]},"ferryPath":{"pathE":[511.376984,511.376984,557.0864,557.129944,557.157959,557.157959,1438.42554,1438.42554,1439.44043,1439.44043,1354.69055,1354.69055],"pathN":[1123.61646,1123.61646,612.6316,612.144958,611.8317,611.8317,1136.05457,1136.05457,1112.62854,1112.62854,1174.08447,1174.08447],"pathD":[-25,-25,-25,-25,-25,-25,-25,-25,-25,-25,-25,-25],"departTime":[1822.05408,1832.05408,1912.83691,1922.83691,2013.53674,2023.53674,3692.03931,3702.03931,3755.26831,3765.26831,3869.21216,3879.21216]},"comm_radii":[126.887749,127.858437,125.592049,129.51825,127.877525,129.318573],"AuvSurfacing":{"auvId":[0,1,2,0,1,2],"positionE":[500.07627167892269,500.00000738366413,499.99999734347659,1500.0000041499529,1500.0000046951354,1249.9999953048643],"positionN":[1250.0000033199608,499.99999816131549,500.000016146263,1250.0000020749769,999.99999805521077,1250.0000046951363],"startTime":[1822.0541140425983,1912.8369410976836,2013.5367101910126,3692.0392940133643,3755.26820870412,3869.2122681949977],"endTime":[1832.0541140425983,1922.8369410976836,2023.5367101910126,3702.0392940133643,3765.26820870412,3879.2122681949977],"AuvId":[0,1,2,0,1,2],"PositionE":[500.07627167892269,500.00000738366413,499.99999734347659,1500.0000041499529,1500.0000046951354,1249.9999953048643],"PositionN":[1250.0000033199608,499.99999816131549,500.000016146263,1250.0000020749769,999.99999805521077,1250.0000046951363],"StartTime":[1822.0541140425983,1912.8369410976836,2013.5367101910126,3692.0392940133643,3755.26820870412,3869.2122681949977],"EndTime":[1832.0541140425983,1922.8369410976836,2023.5367101910126,3702.0392940133643,3765.26820870412,3879.2122681949977]}}